{"cameraMode":{"drawMode":0,"name":"Shaded","section":"Shading Mode"},"sceneLighting":false,"audioPlay":false,"sceneViewState":{"showFog":true,"showMaterialUpdate":false,"showSkybox":false,"showFlares":true,"showImageEffects":true,"showParticleSystems":true},"in2DMode":false,"pivot":{"x":1.3379325866699219,"y":0.5,"z":1.6153620481491089},"rotation":{"x":0.2854999601840973,"y":-0.39239734411239626,"z":0.12955649197101594,"w":0.8647140860557556},"size":0.5196152329444885,"orthographic":true}