{"cameraMode":{"drawMode":0,"name":"Shaded","section":"Shading Mode"},"sceneLighting":false,"audioPlay":false,"sceneViewState":{"showFog":true,"showMaterialUpdate":false,"showSkybox":false,"showFlares":true,"showImageEffects":true,"showParticleSystems":true},"in2DMode":false,"pivot":{"x":0.6689109206199646,"y":0.5453696250915527,"z":1.8523926734924317},"rotation":{"x":0.2854999601840973,"y":-0.39239734411239626,"z":0.12955649197101594,"w":0.8647140860557556},"size":0.657124400138855,"orthographic":true}