{"cameraMode":{"drawMode":0,"name":"Shaded","section":"Shading Mode"},"sceneLighting":false,"audioPlay":false,"sceneViewState":{"showFog":true,"showMaterialUpdate":false,"showSkybox":false,"showFlares":true,"showImageEffects":true,"showParticleSystems":true},"in2DMode":false,"pivot":{"x":0.36864596605300906,"y":1.0333954095840455,"z":0.0001754462718963623},"rotation":{"x":-0.10674739629030228,"y":0.3399193286895752,"z":-0.039394039660692218,"w":-0.9337338209152222},"size":1.1228495836257935,"orthographic":false}