{"cameraMode":{"drawMode":0,"name":"Shaded","section":"Shading Mode"},"sceneLighting":false,"audioPlay":false,"sceneViewState":{"showFog":true,"showMaterialUpdate":false,"showSkybox":false,"showFlares":true,"showImageEffects":true,"showParticleSystems":true},"in2DMode":false,"pivot":{"x":0.5885754823684692,"y":-0.862505316734314,"z":0.34902602434158327},"rotation":{"x":-0.17682524025440217,"y":0.8229014277458191,"z":-0.3696116507053375,"w":-0.39398348331451418},"size":1.1558364629745484,"orthographic":false}