{"cameraMode":{"drawMode":0,"name":"Shaded","section":"Shading Mode"},"sceneLighting":false,"audioPlay":false,"sceneViewState":{"showFog":true,"showMaterialUpdate":false,"showSkybox":false,"showFlares":true,"showImageEffects":true,"showParticleSystems":true},"in2DMode":false,"pivot":{"x":-1.1690000295639039,"y":-0.11000001430511475,"z":7.837000370025635},"rotation":{"x":-0.2726503014564514,"y":0.03382328525185585,"z":-0.01019767951220274,"w":-0.9616321325302124},"size":0.6342169046401978,"orthographic":false}