{"cameraMode":{"drawMode":0,"name":"Shaded","section":"Shading Mode"},"sceneLighting":true,"audioPlay":false,"sceneViewState":{"showFog":true,"showMaterialUpdate":false,"showSkybox":true,"showFlares":true,"showImageEffects":true,"showParticleSystems":true},"in2DMode":false,"pivot":{"x":15.903766632080079,"y":2.1656148433685304,"z":1.3850736618041993},"rotation":{"x":0.3349676728248596,"y":0.040670737624168399,"z":-0.012683535926043988,"w":0.9416179656982422},"size":43.41156768798828,"orthographic":false}